Full Name,Email,Phone Number,Location,Country,Company,Role
Alice Smith,alice.smith@fakedata.com,555-123-4567,London,UK,Tech Solutions Inc,Software Developer
Bob Johnson,bob.johnson@fakedata.net,555-987-6543,New York,USA,Global Dynamics,Project Manager
Carol Williams,carol.williams@fakedata.org,555-111-2222,Paris,France,Innovate Systems,UX Designer
David Brown,david.brown@fakedata.io,555-333-4444,Tokyo,Japan,Alpha Innovations,Marketing Specialist
Emily Davis,emily.davis@fakedata.co,555-555-6666,Sydney,Australia,Beta Technologies,Sales Representative
Frank Miller,frank.miller@fakedata.me,555-777-8888,Toronto,Canada,Gamma Group,Data Analyst
Grace Wilson,grace.wilson@fakedata.info,555-999-0000,Berlin,Germany,Delta Corp,Customer Support
Henry Moore,henry.moore@fakedata.biz,555-222-3333,Madrid,Spain,Epsilon Enterprises,Financial Analyst
Isabella Taylor,isabella.taylor@fakedata.com,555-444-5555,Rome,Italy,Zeta Industries,HR Manager
Jack Anderson,jack.anderson@fakedata.net,555-666-7777,Amsterdam,Netherlands,Theta Holdings,Network Engineer
Katie Thomas,katie.thomas@fakedata.org,555-888-9999,Stockholm,Sweden,Iota Ltd,Product Manager
Liam Jackson,liam.jackson@fakedata.io,555-000-1111,Dublin,Ireland,Kappa Solutions,Security Analyst
Mia White,mia.white@fakedata.co,555-111-3333,Vienna,Austria,Lambda Group,Business Analyst
Noah Harris,noah.harris@fakedata.me,555-333-5555,Zurich,Switzerland,Mu Technologies,Systems Administrator
Olivia Martin,olivia.martin@fakedata.info,555-555-7777,Copenhagen,Denmark,Nu Innovations,Content Creator
Peter Thompson,peter.thompson@fakedata.biz,555-777-9999,Oslo,Norway,Xi Enterprises,Legal Counsel
Quinn Garcia,quinn.garcia@fakedata.com,555-999-2222,Helsinki,Finland,Omicron Industries,Graphic Designer
Ryan Martinez,ryan.martinez@fakedata.net,555-222-4444,Brussels,Belgium,Pi Holdings,AI Engineer
Sophia Robinson,sophia.robinson@fakedata.org,555-444-6666,Lisbon,Portugal,Rho Ltd,Researcher
Thomas Clark,thomas.clark@fakedata.io,555-666-8888,Athens,Greece,Sigma Solutions,Teacher
Ursula Rodriguez,ursula.rodriguez@fakedata.co,555-888-0000,Prague,Czech Republic,Tau Group,Pharmacist
Victor Lewis,victor.lewis@fakedata.me,555-000-3333,Budapest,Hungary,Upsilon Technologies,Chef
Wendy Lee,wendy.lee@fakedata.info,555-333-6666,Warsaw,Poland,Phi Innovations,Accountant
Xavier Walker,xavier.walker@fakedata.biz,555-666-9999,Bucharest,Romania,Chi Enterprises,Architect
Yara Young,yara.young@fakedata.com,555-999-3333,Sofia,Bulgaria,Psi Industries,Dentist
Zachary Allen,zachary.allen@fakedata.net,555-333-7777,Zagreb,Croatia,Omega Holdings,Veterinarian
Ava King,ava.king@fakedata.org,555-777-1111,Bratislava,Slovakia,AlphaBeta Ltd,Physicist
Benjamin Wright,benjamin.wright@fakedata.io,555-111-5555,Ljubljana,Slovenia,GammaDelta Solutions,Pilot
Chloe Hill,chloe.hill@fakedata.co,555-555-9999,Vilnius,Lithuania,EpsilonZeta Group,Judge
Daniel Green,daniel.green@fakedata.me,555-999-4444,Riga,Latvia,ThetaKappa Technologies,Librarian
Ella Baker,ella.baker@fakedata.info,555-444-8888,Tallinn,Estonia,LambdaMu Innovations,Nurse
Finn Scott,finn.scott@fakedata.biz,555-888-2222,Reykjavik,Iceland,NuXi Enterprises,Police Officer
Georgia Adams,georgia.adams@fakedata.com,555-222-6666,Valletta,Malta,OmicronPi Industries,Firefighter
Hunter Nelson,hunter.nelson@fakedata.net,555-666-0000,Nicosia,Cyprus,RhoSigma Holdings,Mail Carrier
Ivy Carter,ivy.carter@fakedata.org,555-000-4444,Andorra la Vella,Andorra,TauUpsilon Ltd,Electrician
Jasper Mitchell,jasper.mitchell@fakedata.io,555-444-1111,Monaco,Monaco,PhiChi Solutions,Plumber
Luna Perez,luna.perez@fakedata.co,555-111-8888,San Marino,San Marino,PsiOmega Group,Carpenter
Mason Roberts,mason.roberts@fakedata.me,555-888-5555,Vaduz,Liechtenstein,AlphaGammaDelta Technologies,Mechanic
Nora Turner,nora.turner@fakedata.info,555-555-2222,Luxembourg,Luxembourg,EpsilonZetaTheta Innovations,Baker
Owen Phillips,owen.phillips@fakedata.biz,555-222-9999,Brussels,Belgium,KappaLambdaMu Enterprises,Butcher
Penelope Campbell,penelope.campbell@fakedata.com,555-999-6666,Berlin,Germany,NuXiOmicron Industries,Tailor
Raymond Parker,raymond.parker@fakedata.net,555-666-3333,Bern,Switzerland,PiRhoSigma Holdings,Brewer
Samantha Evans,samantha.evans@fakedata.org,555-333-0000,Dublin,Ireland,TauUpsilonPhi Ltd,Jeweler
Theodore Edwards,theodore.edwards@fakedata.io,555-000-7777,Edinburgh,UK,ChiPsiOmega Solutions,Farmer
Uma Collins,uma.collins@fakedata.co,555-777-4444,Glasgow,UK,AlphaBetaGamma Group,Fisher
Vincent Stewart,vincent.stewart@fakedata.me,555-444-2222,Manchester,UK,DeltaEpsilonZeta Technologies,Gardener
Willow Flores,willow.flores@fakedata.info,555-222-8888,Birmingham,UK,ThetaKappaLambda Innovations,Miner
Xander Reed,xander.reed@fakedata.biz,555-888-6666,Liverpool,UK,MuNuXi Enterprises,Painter
Yasmine Howard,yasmine.howard@fakedata.com,555-666-1111,Bristol,UK,OmicronPiRho Industries,Sculptor
Zane Murphy,zane.murphy@fakedata.net,555-111-9999,Leeds,UK,SigmaTauUpsilon Holdings,Weaver
Aaliyah Bell,aaliyah.bell@fakedata.org,555-999-5555,Sheffield,UK,PhiChiPsi Ltd,Cobbler
Cora Cox,cora.cox@fakedata.co,555-555-3333,Newcastle,UK,OmegaAlphaBeta Solutions,Blacksmith
Declan Richardson,declan.richardson@fakedata.me,555-333-1111,Nottingham,UK,GammaDeltaEpsilon Group,Glassblower
Eleanor Wood,eleanor.wood@fakedata.info,555-111-7777,Southampton,UK,ZetaThetaKappa Technologies,Potter
Felix Watson,felix.watson@fakedata.biz,555-777-5555,Reading,UK,LambdaMuNu Innovations,Ropemaker
Genevieve Brooks,genevieve.brooks@fakedata.com,555-555-8888,Brighton,UK,XiOmicronPi Enterprises,Shipwright
Harrison Kelly,harrison.kelly@fakedata.net,555-888-2222,Plymouth,UK,RhoSigmaTau Industries,Tanner
Iris Sanders,iris.sanders@fakedata.org,555-222-0000,Derby,UK,UpsilonPhiChi Holdings,Wheelwright
Jaxon Bennett,jaxon.bennett@fakedata.io,555-000-6666,Leicester,UK,PsiOmegaAlpha Ltd,Cooper
Kylie Gray,kylie.gray@fakedata.co,555-666-4444,Coventry,UK,BetaGammaDelta Solutions,Dyer
Leo James,leo.james@fakedata.me,555-444-9999,Norwich,UK,EpsilonZetaTheta Group,Fuller
Madison Price,madison.price@fakedata.info,555-999-7777,Bournemouth,UK,KappaLambdaMu Technologies,Glover
Nathan Hayes,nathan.hayes@fakedata.biz,555-777-3333,Stoke-on-Trent,UK,NuXiOmicron Innovations,Hatmaker
Ophelia Foster,ophelia.foster@fakedata.com,555-333-8888,York,UK,PiRhoSigma Enterprises,Leatherworker
Parker Jenkins,parker.jenkins@fakedata.net,555-888-1111,Oxford,UK,TauUpsilonPhi Industries,Mason
Riley Perry,riley.perry@fakedata.org,555-111-5555,Cambridge,UK,ChiPsiOmega Holdings,Miller
Scarlett Powell,scarlett.powell@fakedata.io,555-555-0000,Aberdeen,UK,AlphaBetaGamma Ltd,Saddler
Tristan Murray,tristan.murray@fakedata.co,555-000-9999,Dundee,UK,DeltaEpsilonZeta Solutions,Shoemaker
Valentina Long,valentina.long@fakedata.me,555-999-6666,Edinburgh,UK,ThetaKappaLambda Group,Spinner
Wesley Butler,wesley.butler@fakedata.info,555-666-2222,Glasgow,UK,MuNuXi Technologies,Tinsmith
Ximena Simmons,ximena.simmons@fakedata.biz,555-222-7777,Inverness,UK,OmicronPiRho Innovations,Turner
Yaretzi Coleman,yaretzi.coleman@fakedata.com,555-777-0000,Perth,UK,SigmaTauUpsilon Enterprises,Watchmaker
Zander Bailey,zander.bailey@fakedata.net,555-000-5555,Stirling,UK,PhiChiPsi Industries,Weaver
Anya Ross,anya.ross@fakedata.org,555-555-4444,Swansea,UK,OmegaAlphaBeta Holdings,Woodcarver
Brycen Rivera,brycen.rivera@fakedata.io,555-444-1111,Cardiff,UK,GammaDeltaEpsilon Ltd,Apothecary
Callie Morgan,callie.morgan@fakedata.co,555-111-8888,Bangor,UK,ZetaThetaKappa Solutions,Chandler
Dante Hughes,dante.hughes@fakedata.me,555-888-3333,Wrexham,UK,LambdaMuNu Group,Cordwainer
Eliana Cook,eliana.cook@fakedata.info,555-333-9999,Newport,UK,XiOmicronPi Technologies,Fletcher
Finley Bell,finley.bell@fakedata.biz,555-999-1111,Belfast,UK,RhoSigmaTau Innovations,Goldsmith
Gia Murphy,gia.murphy@fakedata.com,555-111-6666,Londonderry,UK,UpsilonPhiChi Enterprises,Haberdasher
Holden Reed,holden.reed@fakedata.net,555-666-5555,Armagh,UK,PsiOmegaAlpha Industries,Ironmonger
Isla Price,isla.price@fakedata.org,555-555-9999,Newry,UK,BetaGammaDelta Holdings,Joiner
Jude Foster,jude.foster@fakedata.io,555-999-2222,Lisburn,UK,EpsilonZetaTheta Ltd,Limner
Kiera Jenkins,kiera.jenkins@fakedata.co,555-222-8888,Craigavon,UK,KappaLambdaMu Solutions,Mercer
Levi Perry,levi.perry@fakedata.me,555-888-7777,Enniskillen,UK,NuXiOmicron Group,Needler
Mila Powell,mila.powell@fakedata.info,555-777-4444,Omagh,UK,PiRhoSigma Technologies,Parchmenter
Nolan Murray,nolan.murray@fakedata.biz,555-444-0000,Coleraine,UK,TauUpsilonPhi Innovations,Quarryman
Paige Long,paige.long@fakedata.com,555-000-3333,Antrim,UK,ChiPsiOmega Enterprises,Riddler
Quentin Butler,quentin.butler@fakedata.net,555-333-6666,Larne,UK,AlphaBetaGamma Industries,Salter
Raelynn Simmons,raelynn.simmons@fakedata.org,555-666-9999,Carrickfergus,UK,DeltaEpsilonZeta Holdings,Shepherd
Sebastian Coleman,sebastian.coleman@fakedata.io,555-999-5555,Downpatrick,UK,ThetaKappaLambda Ltd,Thatcher
Tatum Bailey,tatum.bailey@fakedata.co,555-555-1111,Bangor,UK,MuNuXi Solutions,Vintner
Uriel Ross,uriel.ross@fakedata.me,555-111-2222,Holywood,UK,OmicronPiRho Group,Waferer
Violet Rivera,violet.rivera@fakedata.info,555-222-5555,Comber,UK,SigmaTauUpsilon Technologies,Yeoman
Wyatt Morgan,wyatt.morgan@fakedata.biz,555-555-7777,Donaghadee,UK,PhiChiPsi Innovations,Alchemist
Xena Hughes,xena.hughes@fakedata.com,555-777-9999,Millisle,UK,OmegaAlphaBeta Enterprises,Amanuensis
Yahir Cook,yahir.cook@fakedata.net,555-999-3333,Portaferry,UK,GammaDeltaEpsilon Industries,Bowyer
Zara Bell,zara.bell@fakedata.org,555-333-0000,Strangford,UK,ZetaThetaKappa Holdings,Clockmaker
Aarav Murphy,aarav.murphy@fakedata.io,555-000-1111,Ardglass,UK,LambdaMuNu Ltd,Draper
Brielle Reed,brielle.reed@fakedata.co,555-111-4444,Carrick,UK,NuXiOmicron Solutions,Engraver
Callum Morgan,callum.morgan@fakedata.me,555-444-7777,Kilkeel,UK,PiRhoSigma Group,Fellmonger
Daisy Hughes,daisy.hughes@fakedata.info,555-777-1111,Warrenpoint,UK,TauUpsilonPhi Technologies,Glazier
Easton Cook,easton.cook@fakedata.biz,555-111-0000,Rathfriland,UK,ChiPsiOmega Innovations,Hornworker
Eden Bell,eden.bell@fakedata.com,555-000-8888,Banbridge,UK,AlphaBetaGamma Enterprises,Inkmaker
Ezra Murphy,ezra.murphy@fakedata.net,555-888-4444,Dromore,UK,DeltaEpsilonZeta Industries,Joiner
Faith Reed,faith.reed@fakedata.org,555-444-2222,Moira,UK,ThetaKappaLambda Holdings,Limner
Grayson Price,grayson.price@fakedata.io,555-222-6666,Hillsborough,UK,MuNuXi Ltd,Mercer
Hadley Foster,hadley.foster@fakedata.co,555-666-0000,Saintfield,UK,OmicronPiRho Solutions,Needler
Harper Jenkins,harper.jenkins@fakedata.me,555-000-5555,Crossgar,UK,SigmaTauUpsilon Group,Parchmenter
Hayes Perry,hayes.perry@fakedata.info,555-555-3333,Killyleagh,UK,PhiChiPsi Technologies,Quarryman
Hazel Powell,hazel.powell@fakedata.biz,555-333-7777,Downpatrick,UK,OmegaAlphaBeta Innovations,Riddler
Holden Murray,holden.murray@fakedata.com,555-777-2222,Ballynahinch,UK,GammaDeltaEpsilon Enterprises,Salter
Honor Long,honor.long@fakedata.net,555-222-9999,Castlewellan,UK,ZetaThetaKappa Industries,Shepherd
Hunter Butler,hunter.butler@fakedata.org,555-999-4444,Newcastle,UK,LambdaMuNu Holdings,Thatcher
Indigo Simmons,indigo.simmons@fakedata.io,555-444-8888,Rostrevor,UK,XiOmicronPi Ltd,Vintner
Isla Coleman,isla.coleman@fakedata.co,555-888-1111,Hilltown,UK,RhoSigmaTau Solutions,Waferer
Jude Bailey,jude.bailey@fakedata.me,555-111-5555,Mayobridge,UK,UpsilonPhiChi Group,Yeoman
Juniper Ross,juniper.ross@fakedata.info,555-555-0000,Newry,UK,PsiOmegaAlpha Technologies,Alchemist
Kai Rivera,kai.rivera@fakedata.biz,555-000-3333,Camlough,UK,BetaGammaDelta Innovations,Amanuensis
Kieran Morgan,kieran.morgan@fakedata.com,555-333-6666,Bessbrook,UK,EpsilonZetaTheta Enterprises,Bowyer
Knox Hughes,knox.hughes@fakedata.net,555-666-9999,Markethill,UK,KappaLambdaMu Industries,Clockmaker
Lachlan Cook,lachlan.cook@fakedata.org,555-999-1111,Keady,UK,NuXiOmicron Holdings,Draper
Lane Bell,lane.bell@fakedata.io,555-111-7777,Tandragee,UK,PiRhoSigma Ltd,Embroiderer
Leighton Murphy,leighton.murphy@fakedata.co,555-777-4444,Portadown,UK,TauUpsilonPhi Solutions,Fruiterer
Lennon Reed,lennon.reed@fakedata.me,555-444-0000,Lurgan,UK,ChiPsiOmega Group,Haberdasher
Logan Price,logan.price@fakedata.info,555-000-2222,Moira,UK,AlphaBetaGamma Technologies,Illuminator
Loren Foster,loren.foster@fakedata.biz,555-222-5555,Dromore,UK,DeltaEpsilonZeta Innovations,Jester
Luca Jenkins,luca.jenkins@fakedata.com,555-555-8888,Hillsborough,UK,ThetaKappaLambda Enterprises,Keeper
Lyric Perry,lyric.perry@fakedata.net,555-888-1111,Saintfield,UK,MuNuXi Industries,Lorimer
Maddox Powell,maddox.powell@fakedata.org,555-111-9999,Crossgar,UK,OmicronPiRho Holdings,Minstrel
Maeve Murray,maeve.murray@fakedata.io,555-999-6666,Killyleagh,UK,SigmaTauUpsilon Ltd,Nailer
Magnolia Long,magnolia.long@fakedata.co,555-666-3333,Downpatrick,UK,PhiChiPsi Solutions,Oculist
Malachi Butler,malachi.butler@fakedata.me,555-333-0000,Ballynahinch,UK,OmegaAlphaBeta Group,Page
Marley Simmons,marley.simmons@fakedata.info,555-000-7777,Castlewellan,UK,GammaDeltaEpsilon Technologies,Quiller
Mason Coleman,mason.coleman@fakedata.biz,555-777-5555,Newcastle,UK,ZetaThetaKappa Innovations,Rhymer
Matteo Bailey,matteo.bailey@fakedata.com,555-555-2222,Rostrevor,UK,LambdaMuNu Enterprises,Scrivener
Maxwell Ross,maxwell.ross@fakedata.net,555-222-8888,Hilltown,UK,XiOmicronPi Industries,Tiler
Maya Rivera,maya.rivera@fakedata.org,555-888-6666,Mayobridge,UK,RhoSigmaTau Holdings,Upholder
Micah Morgan,micah.morgan@fakedata.io,555-666-4444,Newry,UK,UpsilonPhiChi Ltd,Vellumier
Milo Hughes,milo.hughes@fakedata.co,555-444-1111,Camlough,UK,PsiOmegaAlpha Solutions,Waxchandler
Mira Cook,mira.cook@fakedata.me,555-111-8888,Bessbrook,UK,BetaGammaDelta Group,Yarnman
Nadia Bell,nadia.bell@fakedata.info,555-888-0000,Markethill,UK,EpsilonZetaTheta Technologies,Zester
Nash Murphy,nash.murphy@fakedata.biz,555-000-5555,Keady,UK,KappaLambdaMu Innovations,Aeronaut
Naya Reed,naya.reed@fakedata.com,555-555-7777,Tandragee,UK,NuXiOmicron Enterprises,Biologist
Nico Price,nico.price@fakedata.net,555-777-3333,Portadown,UK,PiRhoSigma Industries,Chemist
Nina Foster,nina.foster@fakedata.org,555-333-9999,Lurgan,UK,TauUpsilonPhi Holdings,Doctor